,dc prop,dc vol,dc units,dc psf,dc cr,pitts prop,pitts vol,pitts units,pitts psf,pitts cr,bos prop,bos vol,bos units,bos psf,bos cr,nyc prop,nyc vol,nyc units,nyc psf,nyc cr,atl prop,atl vol,atl units,atl psf,atl cr,nash prop,nash vol,nash units,nash psf,nash cr,rd prop,rd vol,rd units,rd psf,rd cr,aus prop,aus vol,aus units,aus psf,aus cr,dall prop,dall vol,dall units,dall psf,dall cr,den prop,den vol, den units,den psf,den cr,hous prop,hous vol,hous units,hous psf,hous cr,la prop,la vol,la units,la psf,la cr,port prop,port vol,port units,port psf,port cr,slc prop,slc vol,slc units,slc psf,slc cr,sd prop,sd vol,sd units,sd psf,sd cr,sf prop,sf vol,sf units,sf psf,sd cr,sj prop,sj vol,sj units,sj psf,sj cr,sea prop,sea vol,sea units,sea psf,sea cr
01Q1, 12 ,"379,620,305.7"," 1,698,263 ",224,8.6%,#N/A,#N/A,#N/A,#N/A,#N/A, 30 ,"977,387,909.1"," 5,512,929 ",178,8.2%, 23 ,"922,086,000.0"," 4,269,605 ",205,7.0%, 11 ,"98,704,382.5"," 1,347,295 ",73,9.5%, 5 ,"40,975,162.0"," 449,080 ",85,8.8%, 3 ,"20,250,000.0"," 194,716 ",104,8.7%, 4 ,"56,500,000.0"," 612,446 ",#N/A,9.2%, 11 ,"240,741,068.9"," 1,933,030 ",131,8.9%, 6 ,"109,333,333.3"," 1,483,876 ",74,8.3%, 11 ,"147,354,234.9"," 1,693,502 ",78,9.8%, 25 ,"653,460,864.0"," 3,271,398 ",225,7.8%, 6 ,"87,440,580.5"," 658,106 ",140,7.3%, 2 ,"21,679,000.0"," 193,912 ",112,8.2%, 11 ,"85,625,000.0"," 738,015 ",118,8.3%, 7 ,"260,180,000.0"," 765,748 ",340,7.6%, 8 ,"86,967,000.0"," 312,538 ",278,7.8%, 9 ,"290,046,014.0"," 1,522,281 ",134,8.8%
01Q2, 6 ,"193,874,900.0"," 769,801 ",252,8.4%, 1 ,"2,644,000.0"," 80,000 ",33,#N/A, 20 ,"1,223,359,195.6"," 5,718,113 ",241,8.4%, 19 ,"1,713,076,500.5"," 5,223,382 ",352,7.6%, 12 ,"94,704,361.0"," 1,133,874 ",83,8.9%, 4 ,"42,236,596.7"," 368,698 ",118,9.6%, 4 ,"43,350,000.0"," 421,310 ",105,7.3%, 2 ,"43,291,741.0"," 334,629 ",177,9.1%, 12 ,"119,323,801.7"," 1,591,354 ",95,8.3%, 13 ,"198,439,639.2"," 1,434,061 ",145,8.9%, 11 ,"405,087,500.0"," 4,375,228 ",100,9.1%, 31 ,"1,021,565,337.2"," 6,085,456 ",159,8.9%, 17 ,"640,990,362.8"," 3,598,103 ",32,7.2%, 1 ,"78,500,000.0"," 580,000 ",135,7.9%, 32 ,"555,022,190.3"," 3,217,869 ",165,8.5%, 14 ,"444,945,447.2"," 2,195,996 ",321,8.0%, 24 ,"1,025,914,153.3"," 5,493,668 ",403,8.4%, 17 ,"517,134,743.1"," 2,762,259 ",192,7.5%
01Q3, 17 ,"885,876,572.5"," 4,475,204 ",225,8.8%,#N/A,#N/A,#N/A,#N/A,#N/A, 11 ,"159,003,500.0"," 1,047,351 ",152,9.4%, 11 ,"743,715,000.0"," 4,528,321 ",309,7.5%, 11 ,"178,100,061.5"," 1,637,926 ",108,9.3%, 2 ,"11,550,000.0"," 166,304 ",69,#N/A, 6 ,"69,002,554.2"," 564,523 ",122,9.8%, 4 ,"130,801,224.5"," 629,503 ",174,#N/A, 8 ,"114,455,000.0"," 1,721,130 ",64,9.7%, 7 ,"149,246,880.0"," 1,284,283 ",116,9.6%, 13 ,"137,207,667.8"," 1,503,255 ",116,9.3%, 22 ,"864,745,842.7"," 5,127,253 ",184,9.1%, 2 ,"8,600,000.0"," 89,966 ",96,9.6%, 3 ,"27,010,628.4"," 230,368 ",119,9.3%, 15 ,"157,449,333.3"," 969,431 ",162,9.1%, 7 ,"180,841,590.8"," 825,405 ",188,8.0%, 6 ,"95,468,000.0"," 330,080 ",289,9.9%, 4 ,"113,080,000.0"," 733,180 ",154,10.5%
01Q4, 15 ,"767,639,063.6"," 2,708,758 ",297,9.0%, 2 ,"23,550,000.0"," 502,000 ",47,#N/A, 6 ,"162,942,680.0"," 900,484 ",198,8.9%, 22 ,"2,533,083,025.3"," 6,124,592 ",414,7.5%, 5 ,"117,494,388.1"," 1,316,492 ",131,8.4%, 3 ,"41,937,500.0"," 551,846 ",76,10.8%, 1 ,"6,800,000.0"," 94,604 ",72,7.2%, 2 ,"43,803,905.6"," 922,170 ",#N/A,#N/A, 10 ,"202,075,211.9"," 1,583,861 ",132,9.6%, 9 ,"102,361,943.3"," 1,068,376 ",93,9.8%, 4 ,"31,439,000.0"," 459,779 ",68,10.1%, 18 ,"219,381,537.7"," 2,159,791 ",95,8.5%, 3 ,"113,000,000.0"," 827,554 ",137,#N/A, 1 ,"8,000,000.0"," 52,566 ",152,9.2%, 11 ,"172,415,000.0"," 1,179,148 ",146,8.6%, 3 ,"50,302,263.5"," 172,800 ",275,7.9%, 2 ,"197,500,000.0"," 716,000 ",276,9.1%, 12 ,"206,031,199.0"," 1,036,689 ",199,9.0%
02Q1, 12 ,"569,365,905.3"," 2,720,896 ",228,8.9%, 2 ,"33,900,000.0"," 383,725 ",88,#N/A, 3 ,"78,279,210.0"," 399,930 ",196,9.5%, 8 ,"138,664,500.0"," 528,717 ",331,7.4%, 3 ,"157,011,499.0"," 992,963 ",158,9.0%, 4 ,"29,515,000.0"," 221,108 ",133,#N/A,#N/A,#N/A,#N/A,#N/A,#N/A, 3 ,"37,500,000.0"," 330,530 ",136,8.9%, 14 ,"391,087,644.0"," 3,931,394 ",120,9.0%, 5 ,"48,093,560.0"," 692,754 ",69,11.0%, 5 ,"135,830,804.2"," 1,124,838 ",121,9.6%, 20 ,"903,957,314.5"," 4,410,422 ",232,8.9%, 5 ,"70,401,950.0"," 518,433 ",136,9.2%, 3 ,"26,354,500.0"," 275,998 ",95,9.9%, 10 ,"113,706,000.0"," 660,749 ",180,8.9%, 5 ,"71,913,938.6"," 284,307 ",259,#N/A,#N/A,#N/A,#N/A,#N/A,8.6%, 1 ,"30,354,000.0"," 218,213 ",139,8.6%
02Q2, 11 ,"275,245,750.0"," 1,170,943 ",235,8.9%,#N/A,#N/A,#N/A,#N/A,#N/A, 10 ,"376,997,910.7"," 1,843,178 ",205,9.5%, 24 ,"1,451,413,470.6"," 5,668,704 ",295,7.1%, 8 ,"196,541,884.3"," 1,493,891 ",132,9.4%, 4 ,"55,407,000.0"," 491,848 ",113,#N/A, 5 ,"26,452,500.0"," 634,513 ",40,8.5%, 3 ,"29,635,000.0"," 401,879 ",77,#N/A, 11 ,"177,222,281.0"," 2,587,718 ",68,9.0%, 6 ,"54,767,300.0"," 438,750 ",125,10.1%, 11 ,"102,634,221.7"," 1,524,960 ",65,9.4%, 37 ,"691,561,242.2"," 5,695,463 ",129,8.8%, 5 ,"26,763,250.0"," 261,336 ",102,8.3%, 3 ,"32,987,000.0"," 328,622 ",100,#N/A, 18 ,"281,955,000.0"," 1,798,785 ",160,9.0%, 6 ,"147,949,583.5"," 522,635 ",357,10.5%, 4 ,"159,398,800.1"," 748,533 ",152,9.5%, 4 ,"21,120,000.0"," 136,462 ",155,10.7%
02Q3, 11 ,"551,930,500.0"," 2,174,789 ",254,7.7%,#N/A,#N/A,#N/A,#N/A,6.9%, 10 ,"303,980,890.0"," 2,886,546 ",133,8.9%, 15 ,"3,056,306,100.0"," 9,608,831 ",352,7.0%, 7 ,"59,114,876.0"," 692,150 ",85,8.0%, 2 ,"8,100,000.0"," 77,000 ",105,9.7%, 2 ,"69,382,500.0"," 475,398 ",146,8.7%, 5 ,"124,314,658.6"," 716,298 ",192,9.1%, 22 ,"507,721,636.9"," 4,000,349 ",150,8.9%, 6 ,"124,348,892.0"," 1,023,859 ",128,9.5%, 9 ,"123,200,000.0"," 1,567,303 ",88,9.1%, 30 ,"1,347,581,953.2"," 8,647,371 ",173,8.5%, 2 ,"18,500,000.0"," 121,230 ",153,7.8%, 1 ,"23,979,169.6"," 217,035 ",110,9.2%, 22 ,"419,154,205.6"," 2,376,814 ",207,8.8%, 2 ,"31,400,000.0"," 96,140 ",327,6.8%, 4 ,"346,650,000.0"," 1,487,870 ",233,7.7%, 9 ,"166,413,000.0"," 1,286,509 ",129,8.8%
02Q4, 17 ,"894,684,735.8"," 2,995,496 ",252,8.2%,#N/A,#N/A,#N/A,#N/A,#N/A, 13 ,"862,778,534.3"," 4,144,886 ",217,8.6%, 23 ,"1,732,406,361.3"," 5,259,135 ",380,7.4%, 9 ,"148,292,300.0"," 1,537,639 ",96,8.8%, 2 ,"67,029,411.0"," 370,136 ",181,9.7%, 6 ,"130,722,000.0"," 1,294,512 ",101,9.3%, 2 ,"26,900,000.0"," 351,000 ",106,9.1%, 14 ,"312,042,168.3"," 2,831,577 ",116,9.7%, 16 ,"184,113,083.0"," 1,786,685 ",101,8.1%, 21 ,"587,566,000.0"," 5,622,304 ",106,8.9%, 25 ,"687,649,694.3"," 4,375,595 ",161,8.6%, 8 ,"84,875,316.9"," 727,386 ",111,8.0%,#N/A,#N/A,#N/A,#N/A,#N/A, 16 ,"339,000,192.9"," 1,760,716 ",193,8.4%, 5 ,"81,800,000.0"," 470,987 ",174,8.1%, 6 ,"117,950,000.0"," 639,779 ",187,7.1%, 18 ,"332,172,124.0"," 2,011,656 ",171,8.5%
03Q1, 6 ,"471,106,060.3"," 1,324,685 ",356,8.4%, 1 ,"32,000,000.0"," 429,663 ",93,#N/A, 16 ,"1,095,398,666.7"," 3,979,111 ",146,8.9%, 24 ,"1,900,188,714.8"," 7,701,164 ",251,8.4%, 6 ,"78,726,177.3"," 1,172,671 ",67,8.7%, 3 ,"15,850,000.0"," 194,652 ",81,#N/A, 7 ,"91,050,000.0"," 709,638 ",131,8.9%, 1 ,"11,250,000.0"," 81,000 ",139,10.0%, 14 ,"254,879,747.4"," 2,380,446 ",113,9.8%, 5 ,"125,351,100.0"," 1,194,648 ",105,8.7%, 12 ,"222,007,500.0"," 1,958,308 ",102,10.0%, 31 ,"696,430,895.7"," 5,856,983 ",116,8.6%, 3 ,"18,090,000.0"," 123,084 ",147,#N/A, 2 ,"31,450,000.0"," 254,424 ",124,9.6%, 9 ,"294,675,166.7"," 1,407,836 ",210,8.8%, 7 ,"65,748,333.0"," 345,687 ",204,9.8%, 3 ,"92,252,938.2"," 470,641 ",177,#N/A, 8 ,"77,792,929.0"," 622,884 ",125,8.2%
03Q2, 17 ,"626,050,000.0"," 2,405,282 ",259,7.9%, 1 ,"3,850,000.0"," 105,000 ",37,10.1%, 7 ,"111,901,500.0"," 707,642 ",158,8.5%, 11 ,"547,894,112.8"," 2,584,513 ",216,7.8%, 9 ,"146,999,755.0"," 2,041,476 ",71,8.3%, 9 ,"100,030,000.0"," 1,622,114 ",62,2.7%, 2 ,"29,575,000.0"," 311,000 ",95,7.9%, 2 ,"16,474,878.2"," 198,232 ",83,#N/A, 11 ,"243,879,120.1"," 2,907,513 ",103,8.7%, 6 ,"240,533,000.0"," 1,833,421 ",123,8.9%, 12 ,"206,229,480.3"," 2,772,234 ",84,8.9%, 35 ,"903,966,536.3"," 5,790,298 ",162,8.2%,#N/A,#N/A,#N/A,#N/A,7.9%, 4 ,"33,775,000.0"," 426,850 ",79,5.7%, 16 ,"330,357,354.0"," 1,846,003 ",180,8.2%, 10 ,"273,908,051.6"," 1,339,339 ",205,10.0%, 5 ,"189,745,426.7"," 891,085 ",213,#N/A, 9 ,"229,976,566.6"," 1,090,249 ",209,7.8%
03Q3, 17 ,"1,020,948,019.7"," 3,798,336 ",286,7.9%, 1 ,"5,000,000.0"," 48,804 ",102,#N/A, 14 ,"363,100,162.4"," 2,298,228 ",158,5.7%, 27 ,"3,658,178,823.1"," 12,579,355 ",386,7.5%, 19 ,"319,661,235.2"," 2,970,665 ",109,9.1%,#N/A,#N/A,#N/A,#N/A,8.7%, 13 ,"81,139,758.9"," 932,589 ",98,8.3%, 2 ,"21,922,000.0"," 197,978 ",111,#N/A, 23 ,"454,822,360.6"," 4,482,067 ",109,9.3%, 9 ,"241,909,500.0"," 2,202,586 ",110,8.5%, 11 ,"172,715,000.0"," 1,846,760 ",95,9.7%, 41 ,"1,012,225,456.8"," 6,398,537 ",165,8.4%, 3 ,"20,955,000.0"," 185,934 ",113,7.6%, 1 ,"16,000,000.0"," 132,854 ",#N/A,7.3%, 22 ,"385,373,309.9"," 2,033,977 ",189,8.0%, 5 ,"123,650,000.0"," 761,753 ",162,6.7%, 6 ,"321,450,057.9"," 1,230,432 ",268,8.6%, 15 ,"92,865,633.0"," 762,659 ",122,8.9%
03Q4, 26 ,"1,925,045,531.7"," 6,488,707 ",318,7.9%, 1 ,"15,000,000.0"," 94,500 ",159,8.4%, 10 ,"98,941,750.0"," 1,098,995 ",90,10.1%, 18 ,"2,070,425,000.0"," 8,330,689 ",283,7.7%, 24 ,"513,612,456.2"," 4,347,768 ",151,8.9%, 3 ,"125,500,000.0"," 756,716 ",166,8.9%, 4 ,"37,789,000.0"," 390,393 ",81,#N/A, 3 ,"19,200,000.0"," 156,053 ",123,#N/A, 13 ,"221,464,933.1"," 3,104,551 ",81,7.1%, 11 ,"97,303,550.0"," 1,141,783 ",88,10.4%, 17 ,"394,163,333.3"," 4,780,797 ",86,8.7%, 57 ,"1,611,042,618.9"," 10,529,988 ",155,7.8%, 5 ,"83,575,000.0"," 737,833 ",113,8.5%, 1 ,"27,930,000.0"," 240,529 ",116,6.7%, 19 ,"219,971,000.0"," 1,252,224 ",174,8.2%, 8 ,"170,077,000.0"," 1,237,567 ",117,6.2%, 10 ,"338,586,000.0"," 1,838,814 ",187,10.5%, 15 ,"324,104,766.5"," 2,216,886 ",159,8.5%
04Q1, 14 ,"833,793,000.0"," 3,053,334 ",273,7.6%, 1 ,"6,750,000.0"," 85,000 ",79,#N/A, 25 ,"1,426,678,664.4"," 5,261,426 ",289,8.0%, 32 ,"2,645,297,966.7"," 12,879,785 ",261,7.6%, 13 ,"378,303,333.3"," 2,469,672 ",153,8.0%, 1 ,"5,150,000.0"," 67,496 ",76,8.1%, 1 ,"5,492,500.0"," 42,300 ",130,#N/A, 5 ,"81,106,688.5"," 802,977 ",102,#N/A, 21 ,"215,459,326.1"," 2,747,533 ",94,8.4%, 8 ,"114,270,500.7"," 1,386,914 ",88,7.5%, 15 ,"332,640,000.0"," 3,455,065 ",112,9.2%, 45 ,"1,116,165,828.6"," 6,090,816 ",203,8.1%, 3 ,"16,575,000.0"," 106,391 ",156,4.8%,#N/A,#N/A,#N/A,#N/A,6.3%, 14 ,"189,123,484.7"," 1,099,251 ",177,7.5%, 7 ,"146,900,000.0"," 728,229 ",144,9.2%, 4 ,"56,399,281.8"," 276,177 ",186,7.1%, 11 ,"121,914,216.7"," 1,018,673 ",120,8.1%
04Q2, 10 ,"463,765,000.0"," 1,539,217 ",301,8.2%, 2 ,"33,000,000.0"," 249,178 ",132,7.4%, 19 ,"682,992,500.0"," 3,071,544 ",225,7.7%, 25 ,"2,688,877,011.4"," 8,541,206 ",324,6.9%, 22 ,"404,223,766.7"," 3,531,917 ",114,8.7%, 5 ,"116,050,000.0"," 1,201,606 ",97,8.6%, 4 ,"92,954,238.6"," 780,945 ",106,5.8%, 6 ,"115,758,000.0"," 964,901 ",137,8.3%, 27 ,"486,528,991.7"," 5,173,269 ",93,8.9%, 18 ,"287,508,360.5"," 3,255,574 ",85,8.6%, 8 ,"314,969,470.2"," 2,846,331 ",175,8.2%, 52 ,"1,200,972,627.4"," 6,475,333 ",192,7.9%, 2 ,"100,000,000.0"," 555,507 ",180,7.7%, 4 ,"80,028,000.0"," 974,650 ",81,11.0%, 33 ,"946,800,048.3"," 4,030,888 ",248,7.2%, 11 ,"510,941,688.8"," 2,057,441 ",253,7.8%, 12 ,"340,654,852.1"," 1,655,865 ",205,8.1%, 10 ,"275,458,605.7"," 1,441,514 ",191,7.8%
04Q3, 18 ,"1,175,662,333.3"," 3,641,707 ",313,6.8%, 4 ,"103,660,000.0"," 870,923 ",119,9.2%, 36 ,"788,015,408.7"," 5,752,692 ",149,8.5%, 35 ,"3,023,990,055.0"," 10,934,124 ",276,6.5%, 49 ,"1,283,494,579.7"," 10,285,982 ",135,8.5%, 3 ,"63,607,449.0"," 583,763 ",109,8.6%, 5 ,"61,238,640.5"," 745,751 ",105,#N/A, 6 ,"203,900,000.0"," 1,202,607 ",170,#N/A, 39 ,"855,830,267.0"," 7,491,246 ",114,8.9%, 11 ,"242,291,603.0"," 1,900,207 ",137,8.5%, 32 ,"962,075,280.5"," 8,196,598 ",140,8.5%, 54 ,"1,855,060,730.0"," 8,312,477 ",229,7.7%, 5 ,"195,900,000.0"," 1,439,247 ",167,7.3%, 3 ,"26,981,849.6"," 504,592 ",#N/A,7.5%, 27 ,"430,106,932.6"," 1,926,061 ",241,7.6%, 17 ,"1,325,130,213.0"," 4,987,390 ",336,8.0%, 10 ,"223,535,000.0"," 982,199 ",245,7.0%, 15 ,"350,727,637.4"," 1,934,381 ",212,8.3%
04Q4, 13 ,"1,179,217,652.8"," 2,508,431 ",474,6.8%, 4 ,"125,524,145.5"," 2,260,025 ",56,8.5%, 36 ,"1,017,831,942.6"," 4,990,184 ",216,7.0%, 40 ,"2,356,429,558.3"," 9,166,701 ",293,6.9%, 38 ,"874,393,497.0"," 6,309,939 ",136,7.0%, 5 ,"17,810,513.0"," 156,412 ",114,#N/A, 4 ,"28,575,824.2"," 274,444 ",110,7.8%, 10 ,"222,714,619.6"," 1,726,557 ",142,8.1%, 26 ,"826,327,406.6"," 9,349,982 ",98,8.3%, 15 ,"304,165,250.0"," 2,572,841 ",118,8.6%, 25 ,"942,151,942.7"," 13,600,774 ",92,7.5%, 61 ,"1,502,536,132.7"," 8,245,198 ",172,7.2%, 5 ,"53,501,820.0"," 357,256 ",150,9.1%, 7 ,"101,760,054.4"," 957,150 ",113,8.4%, 32 ,"1,084,604,018.4"," 4,035,371 ",283,7.0%, 19 ,"726,850,000.0"," 3,111,064 ",257,6.7%, 18 ,"476,022,209.7"," 2,664,984 ",230,7.4%, 28 ,"1,218,854,181.8"," 5,031,008 ",241,7.5%
05Q1, 8 ,"480,450,625.0"," 930,730 ",516,6.4%, 6 ,"52,925,000.0"," 859,500 ",64,8.8%, 28 ,"1,656,889,965.0"," 6,533,844 ",264,7.6%, 36 ,"1,485,576,963.3"," 4,809,597 ",326,6.5%, 25 ,"360,806,084.3"," 2,949,684 ",117,8.2%, 6 ,"26,415,000.0"," 410,436 ",64,8.2%, 10 ,"112,293,000.0"," 931,808 ",131,7.9%, 6 ,"155,979,106.4"," 1,016,787 ",154,1.8%, 19 ,"252,385,556.0"," 3,375,312 ",75,8.0%, 15 ,"494,040,400.0"," 3,003,593 ",164,8.1%, 26 ,"365,278,144.0"," 3,681,316 ",97,8.7%, 68 ,"1,870,183,334.8"," 7,978,865 ",244,7.1%, 10 ,"117,848,890.7"," 963,320 ",122,6.4%, 4 ,"38,378,400.0"," 480,185 ",79,7.4%, 24 ,"641,487,037.5"," 2,358,098 ",278,7.5%, 22 ,"975,738,000.0"," 3,988,278 ",253,6.6%, 15 ,"523,545,250.0"," 2,388,492 ",244,8.9%, 23 ,"433,478,992.7"," 2,019,295 ",220,6.5%
05Q2, 30 ,"1,847,185,410.0"," 4,791,821 ",406,6.3%, 3 ,"200,475,000.0"," 1,746,000 ",115,7.5%, 37 ,"1,277,565,163.7"," 4,447,247 ",306,7.5%, 49 ,"5,290,747,614.0"," 11,324,381 ",506,5.7%, 33 ,"795,175,587.8"," 5,789,598 ",136,7.6%, 8 ,"71,477,209.0"," 831,445 ",86,8.3%, 3 ,"44,287,500.0"," 259,051 ",171,9.5%, 7 ,"311,577,250.0"," 1,766,869 ",176,8.2%, 35 ,"1,021,216,652.0"," 8,234,962 ",134,8.2%, 23 ,"309,232,140.0"," 2,861,563 ",110,7.7%, 23 ,"358,373,451.2"," 2,931,565 ",133,7.8%, 85 ,"1,975,338,763.7"," 9,765,130 ",201,7.2%, 5 ,"37,705,000.0"," 368,798 ",102,6.4%, 4 ,"46,931,838.0"," 420,897 ",109,7.4%, 21 ,"230,898,789.0"," 1,086,347 ",212,7.2%, 27 ,"1,478,402,000.0"," 5,172,060 ",286,6.8%, 25 ,"803,003,322.9"," 2,956,196 ",314,7.1%, 29 ,"518,853,698.0"," 3,057,564 ",170,7.6%
05Q3, 17 ,"798,644,460.0"," 2,025,487 ",382,5.7%, 3 ,"72,700,000.0"," 890,000 ",86,#N/A, 17 ,"334,500,509.3"," 2,865,623 ",130,7.5%, 48 ,"3,076,553,535.7"," 10,309,877 ",362,5.9%, 62 ,"984,188,806.9"," 7,284,087 ",124,7.7%, 3 ,"43,100,000.0"," 234,377 ",184,7.4%, 11 ,"163,315,230.4"," 1,584,620 ",118,8.4%, 9 ,"329,935,641.3"," 1,524,616 ",218,7.4%, 35 ,"832,273,119.0"," 7,524,594 ",88,7.0%, 17 ,"409,441,666.7"," 3,225,091 ",127,7.7%, 32 ,"1,369,965,382.1"," 9,885,231 ",128,8.0%, 70 ,"2,224,118,686.2"," 9,197,592 ",259,6.8%, 20 ,"326,455,001.3"," 1,969,630 ",183,6.5%, 8 ,"173,993,593.8"," 1,005,212 ",170,7.3%, 19 ,"859,417,000.0"," 2,998,297 ",287,6.9%, 28 ,"1,539,616,564.0"," 5,828,621 ",307,6.9%, 29 ,"821,239,000.0"," 3,942,278 ",217,7.5%, 24 ,"504,984,392.0"," 2,733,091 ",210,7.7%
05Q4, 22 ,"1,904,523,333.3"," 4,734,461 ",406,6.2%, 10 ,"105,712,500.0"," 810,138 ",131,7.7%, 58 ,"1,284,653,326.2"," 8,175,965 ",164,6.4%, 45 ,"2,929,259,253.0"," 7,223,281 ",478,5.6%, 41 ,"943,326,172.9"," 5,885,643 ",165,6.9%, 7 ,"148,961,036.0"," 1,062,604 ",140,6.8%, 4 ,"115,499,000.0"," 492,830 ",234,7.3%, 15 ,"482,172,001.4"," 4,012,708 ",86,7.0%, 65 ,"2,383,050,261.0"," 15,390,974 ",179,7.5%, 23 ,"531,688,119.7"," 4,430,423 ",126,7.3%, 29 ,"868,761,630.6"," 6,714,482 ",144,7.8%, 70 ,"1,102,713,645.4"," 5,936,646 ",191,6.9%, 9 ,"224,615,140.0"," 1,048,847 ",214,6.8%, 5 ,"121,900,000.0"," 798,459 ",171,7.1%, 38 ,"634,347,654.0"," 2,676,160 ",253,6.7%, 36 ,"1,459,311,342.7"," 4,714,595 ",315,7.7%, 20 ,"411,565,675.0"," 1,992,391 ",212,7.9%, 41 ,"922,522,188.8"," 3,968,080 ",251,6.6%
06Q1, 15 ,"610,567,666.0"," 1,293,633 ",472,6.1%, 11 ,"160,562,170.0"," 1,862,182 ",86,8.2%, 29 ,"1,030,356,791.3"," 3,704,146 ",280,6.6%, 51 ,"3,409,667,495.5"," 8,654,237 ",436,5.9%, 34 ,"766,500,619.7"," 4,638,928 ",163,7.1%, 1 ,"56,250,000.0"," 496,235 ",113,7.2%, 5 ,"38,198,236.5"," 382,529 ",102,8.3%, 4 ,"57,450,000.0"," 383,665 ",150,7.4%, 36 ,"932,712,406.2"," 6,543,153 ",118,7.6%, 21 ,"737,462,095.0"," 4,518,324 ",180,7.2%, 26 ,"357,844,335.6"," 3,173,955 ",112,7.3%, 57 ,"1,203,990,166.0"," 5,041,524 ",297,6.6%, 9 ,"147,642,647.3"," 690,350 ",209,7.1%, 10 ,"149,702,025.3"," 1,249,449 ",105,6.8%, 29 ,"1,028,438,702.5"," 3,428,348 ",296,6.6%, 23 ,"1,417,399,000.0"," 3,408,471 ",424,7.2%, 22 ,"717,024,268.2"," 3,285,979 ",201,5.5%, 30 ,"650,042,772.0"," 2,752,823 ",243,6.6%
06Q2, 18 ,"944,509,296.0"," 2,403,903 ",433,6.0%, 5 ,"74,234,759.0"," 1,080,969 ",69,6.8%, 52 ,"1,678,458,333.3"," 8,889,059 ",192,6.5%, 49 ,"4,308,303,517.3"," 8,940,936 ",546,6.1%, 38 ,"762,012,321.8"," 5,615,756 ",129,7.4%, 18 ,"173,239,622.8"," 1,715,033 ",101,8.2%, 7 ,"42,820,833.3"," 474,000 ",90,6.9%, 14 ,"449,317,889.3"," 2,813,286 ",187,7.3%, 39 ,"1,148,738,755.6"," 8,220,943 ",156,8.1%, 31 ,"754,116,430.6"," 5,688,513 ",152,6.6%, 32 ,"612,279,634.1"," 4,777,753 ",98,7.2%, 129 ,"4,235,241,649.8"," 16,164,842 ",258,6.3%, 11 ,"71,414,886.6"," 591,309 ",140,7.2%, 12 ,"83,337,600.0"," 764,438 ",104,7.2%, 43 ,"1,000,182,499.0"," 3,685,444 ",253,6.1%, 24 ,"927,682,914.9"," 3,221,037 ",293,5.8%, 52 ,"1,770,755,133.2"," 7,621,791 ",347,7.0%, 40 ,"728,142,620.9"," 3,624,967 ",219,6.4%
06Q3, 34 ,"2,000,325,986.4"," 6,910,420 ",459,5.4%, 4 ,"41,875,000.0"," 381,670 ",110,7.5%, 29 ,"2,292,805,994.5"," 7,301,597 ",356,6.2%, 50 ,"4,961,076,453.8"," 8,340,837 ",619,5.1%, 35 ,"2,135,354,979.2"," 11,789,078 ",188,7.0%, 9 ,"130,139,946.0"," 970,822 ",134,7.0%, 5 ,"67,839,000.0"," 352,780 ",142,6.6%, 16 ,"553,829,045.2"," 3,925,947 ",256,6.4%, 68 ,"1,333,761,939.8"," 12,495,433 ",117,7.7%, 43 ,"683,442,497.7"," 5,982,136 ",130,6.7%, 21 ,"474,111,705.9"," 3,590,361 ",139,7.2%, 69 ,"1,701,555,485.9"," 7,348,189 ",271,6.2%, 15 ,"418,448,479.1"," 2,491,779 ",218,5.9%, 20 ,"314,818,042.3"," 2,444,773 ",160,7.6%, 34 ,"587,254,143.1"," 2,916,449 ",243,6.2%, 37 ,"1,835,651,666.7"," 5,379,710 ",273,7.3%, 40 ,"1,615,784,225.2"," 7,144,636 ",263,8.3%, 53 ,"1,386,941,128.6"," 6,528,338 ",241,6.7%
06Q4, 38 ,"3,694,615,126.8"," 9,091,790 ",500,5.4%, 4 ,"39,750,000.0"," 464,741 ",86,6.2%, 62 ,"5,832,143,771.4"," 15,530,928 ",376,6.3%, 48 ,"8,419,707,518.9"," 19,409,298 ",615,5.2%, 49 ,"1,143,875,751.5"," 8,207,524 ",137,6.6%, 9 ,"198,197,165.8"," 1,456,277 ",129,7.4%, 16 ,"272,233,768.7"," 2,102,522 ",119,7.9%, 8 ,"161,385,714.3"," 1,284,120 ",137,8.0%, 81 ,"2,376,859,900.4"," 20,132,965 ",114,7.2%, 51 ,"1,158,555,724.0"," 7,084,167 ",160,7.0%, 49 ,"1,929,716,229.1"," 13,541,765 ",147,7.3%, 99 ,"5,095,523,485.3"," 17,488,452 ",299,6.0%, 9 ,"111,933,603.3"," 865,910 ",129,6.4%, 7 ,"46,605,000.0"," 457,805 ",133,7.0%, 40 ,"1,213,923,239.6"," 3,865,735 ",302,6.3%, 33 ,"1,451,939,265.3"," 4,665,021 ",346,6.1%, 47 ,"1,289,020,629.9"," 5,705,713 ",235,5.7%, 22 ,"569,196,967.0"," 2,711,909 ",224,6.6%
07Q1, 22 ,"1,268,709,083.8"," 4,270,689 ",446,5.4%, 9 ,"111,980,838.3"," 1,507,487 ",66,8.6%, 69 ,"6,839,937,348.4"," 17,869,378 ",248,6.4%, 62 ,"16,582,836,505.9"," 20,909,993 ",705,4.8%, 47 ,"1,922,681,663.0"," 11,092,022 ",154,6.4%, 4 ,"19,608,100.0"," 206,455 ",95,8.2%, 16 ,"455,698,459.7"," 3,053,759 ",151,7.5%, 13 ,"940,400,000.0"," 3,799,362 ",101,#N/A, 34 ,"1,016,369,552.3"," 7,699,757 ",112,6.7%, 31 ,"1,805,288,282.2"," 7,551,833 ",245,7.0%, 35 ,"776,359,707.1"," 5,789,797 ",145,6.4%, 81 ,"4,496,643,324.0"," 13,249,832 ",304,6.0%, 48 ,"1,951,489,783.7"," 7,446,692 ",271,6.8%, 10 ,"104,600,000.0"," 755,590 ",169,7.1%, 34 ,"1,093,108,005.2"," 4,048,236 ",296,6.2%, 56 ,"3,470,913,965.5"," 10,947,490 ",363,5.4%, 42 ,"2,316,825,145.3"," 7,449,900 ",277,6.0%, 51 ,"3,090,259,722.8"," 11,158,118 ",197,6.6%
07Q2, 19 ,"1,831,088,357.0"," 3,555,899 ",535,5.2%, 5 ,"48,874,069.6"," 482,203 ",73,6.0%, 34 ,"1,621,279,029.4"," 5,709,298 ",218,6.1%, 62 ,"9,498,882,382.7"," 16,138,438 ",634,4.7%, 53 ,"1,107,230,984.6"," 7,944,643 ",157,6.7%, 11 ,"234,183,333.3"," 1,416,492 ",116,6.7%, 10 ,"104,921,500.0"," 717,965 ",143,7.2%, 23 ,"1,611,466,062.5"," 5,553,507 ",217,6.9%, 43 ,"837,078,721.1"," 8,066,634 ",100,6.7%, 29 ,"588,706,592.3"," 3,237,345 ",168,7.0%, 32 ,"672,562,041.0"," 5,807,386 ",123,7.0%, 83 ,"2,961,388,051.3"," 8,448,005 ",362,5.8%, 10 ,"192,908,887.0"," 946,946 ",225,6.7%, 7 ,"78,400,000.0"," 558,443 ",151,7.6%, 43 ,"1,607,911,346.5"," 4,826,612 ",380,5.9%, 54 ,"6,718,617,053.8"," 14,863,337 ",510,6.2%, 27 ,"1,102,269,869.5"," 3,590,910 ",337,6.1%, 71 ,"5,696,054,133.6"," 16,596,527 ",368,6.6%
07Q3, 17 ,"691,443,512.5"," 1,693,544 ",536,6.4%, 4 ,"27,483,530.0"," 549,018 ",50,8.7%, 28 ,"929,542,000.0"," 3,482,371 ",272,5.6%, 57 ,"6,464,821,051.8"," 9,690,087 ",692,4.6%, 47 ,"1,146,707,027.4"," 7,157,294 ",170,6.6%, 13 ,"77,688,853.4"," 802,685 ",93,7.4%, 16 ,"230,534,846.7"," 1,411,969 ",163,6.1%, 7 ,"242,470,862.4"," 1,454,925 ",179,5.3%, 53 ,"1,816,071,272.8"," 15,342,056 ",117,6.7%, 34 ,"1,314,964,361.4"," 6,295,342 ",161,7.8%, 42 ,"2,551,749,141.6"," 19,816,385 ",153,6.5%, 100 ,"3,280,577,712.6"," 10,742,727 ",314,6.0%, 13 ,"389,412,088.5"," 1,246,968 ",168,7.5%, 10 ,"299,010,005.1"," 1,371,041 ",91,7.7%, 57 ,"1,648,008,964.0"," 4,578,763 ",355,6.0%, 32 ,"2,107,094,229.8"," 4,797,034 ",363,5.1%, 32 ,"1,014,706,674.8"," 3,383,344 ",281,6.2%, 53 ,"1,280,158,004.3"," 4,135,807 ",301,6.3%
07Q4, 15 ,"970,140,195.5"," 2,456,985 ",395,6.0%, 6 ,"105,824,090.6"," 1,042,379 ",66,9.0%, 25 ,"1,300,677,788.1"," 4,922,059 ",441,5.5%, 46 ,"8,311,934,841.5"," 11,775,478 ",757,4.0%, 27 ,"766,860,534.4"," 3,786,368 ",207,7.3%, 9 ,"115,685,637.0"," 836,392 ",132,7.4%, 14 ,"268,580,600.0"," 1,766,752 ",172,7.2%, 8 ,"234,464,500.0"," 1,232,441 ",212,6.5%, 29 ,"754,274,087.9"," 4,456,056 ",188,6.9%, 27 ,"505,825,963.7"," 3,047,279 ",166,7.4%, 33 ,"665,686,790.3"," 5,798,994 ",119,5.5%, 57 ,"1,588,692,477.7"," 5,278,189 ",321,5.6%, 14 ,"378,819,387.0"," 1,453,505 ",265,7.2%, 3 ,"70,450,000.0"," 387,836 ",182,6.7%, 16 ,"380,461,606.7"," 1,166,406 ",326,6.3%, 18 ,"649,861,800.0"," 1,601,224 ",407,6.5%, 20 ,"594,757,666.7"," 1,874,329 ",334,5.3%, 37 ,"778,917,840.0"," 3,150,725 ",245,6.5%
08Q1, 13 ,"737,275,759.0"," 1,496,709 ",493,#N/A, 5 ,"46,183,527.0"," 828,484 ",56,#N/A, 15 ,"186,084,571.7"," 1,018,010 ",214,7.5%, 40 ,"2,444,851,977.5"," 4,591,902 ",625,5.1%, 39 ,"451,114,348.2"," 3,129,900 ",152,7.2%, 10 ,"31,859,108.0"," 243,580 ",142,#N/A, 14 ,"207,625,454.1"," 1,450,362 ",157,7.5%, 8 ,"83,581,951.7"," 551,684 ",179,8.5%, 23 ,"218,074,645.8"," 2,006,633 ",89,9.0%, 18 ,"347,039,509.0"," 2,388,956 ",145,7.2%, 30 ,"381,273,528.1"," 2,557,756 ",137,8.2%, 58 ,"1,493,628,419.5"," 4,658,887 ",294,6.2%, 16 ,"176,060,892.3"," 1,124,100 ",157,4.9%, 3 ,"11,600,000.0"," 85,297 ",133,7.6%, 23 ,"240,806,650.0"," 1,054,781 ",237,6.9%, 23 ,"660,867,941.0"," 2,342,546 ",279,5.7%, 18 ,"686,914,166.7"," 2,027,651 ",339,6.4%, 33 ,"219,956,223.0"," 1,103,011 ",207,5.7%
08Q2, 10 ,"736,174,999.7"," 1,108,226 ",556,5.0%, 3 ,"58,552,000.0"," 587,552 ",100,#N/A, 21 ,"502,359,420.1"," 1,554,941 ",307,6.3%, 26 ,"5,253,080,336.2"," 5,497,920 ",963,4.6%, 33 ,"875,226,319.3"," 4,426,533 ",199,7.8%, 10 ,"62,928,244.8"," 520,139 ",144,6.8%, 8 ,"102,364,000.0"," 684,082 ",150,6.7%, 6 ,"89,634,000.0"," 402,704 ",396,#N/A, 31 ,"1,254,347,347.9"," 6,867,848 ",188,7.9%, 16 ,"163,060,000.0"," 1,043,428 ",142,8.0%, 17 ,"774,355,840.0"," 4,490,078 ",176,7.2%, 42 ,"1,004,221,409.9"," 3,286,896 ",285,5.6%, 8 ,"304,059,812.7"," 1,423,836 ",243,7.9%, 6 ,"75,200,000.0"," 486,919 ",156,#N/A, 20 ,"324,977,129.5"," 972,847 ",335,5.6%, 10 ,"290,030,166.2"," 659,208 ",459,5.5%, 17 ,"263,665,166.7"," 1,006,647 ",298,7.1%, 18 ,"112,518,500.0"," 469,568 ",251,6.5%
08Q3, 7 ,"554,772,879.0"," 1,231,108 ",578,5.9%, 4 ,"52,700,000.0"," 689,474 ",70,#N/A, 15 ,"522,763,193.0"," 2,388,600 ",282,6.7%, 31 ,"5,523,523,266.8"," 7,302,228 ",776,5.3%, 29 ,"883,116,202.0"," 5,037,607 ",181,8.3%, 7 ,"110,610,000.0"," 668,084 ",166,8.0%, 5 ,"50,130,000.0"," 349,900 ",143,6.1%, 7 ,"510,750,000.0"," 2,829,560 ",256,#N/A, 19 ,"332,990,475.6"," 2,887,846 ",151,7.3%, 12 ,"249,801,666.7"," 1,131,226 ",221,6.8%, 6 ,"195,400,350.0"," 1,326,504 ",266,8.3%, 37 ,"806,162,608.7"," 2,480,217 ",330,5.8%, 9 ,"107,065,858.7"," 477,371 ",224,7.2%, 2 ,"8,000,000.0"," 66,480 ",120,7.8%, 16 ,"560,210,000.0"," 1,364,723 ",410,6.7%, 5 ,"149,475,000.0"," 343,089 ",436,#N/A, 11 ,"118,077,000.0"," 381,658 ",309,6.0%, 27 ,"283,675,311.3"," 1,194,498 ",237,7.8%
08Q4, 10 ,"372,928,525.0"," 759,793 ",492,7.0%, 2 ,"10,400,000.0"," 261,348 ",40,#N/A, 13 ,"285,952,000.0"," 1,468,862 ",195,5.7%, 20 ,"1,518,599,244.1"," 3,151,014 ",543,4.4%, 11 ,"95,210,166.7"," 813,376 ",117,9.6%, 5 ,"42,709,449.0"," 362,331 ",118,6.8%, 8 ,"88,361,500.0"," 478,632 ",185,8.7%, 9 ,"165,886,050.0"," 836,631 ",228,7.4%, 16 ,"258,300,000.0"," 2,224,660 ",75,8.4%, 9 ,"238,756,592.3"," 1,364,221 ",178,7.4%, 10 ,"272,994,379.9"," 1,558,123 ",159,6.0%, 26 ,"346,574,363.3"," 1,813,370 ",190,7.4%, 8 ,"59,150,000.0"," 471,103 ",123,7.7%, 6 ,"60,600,000.0"," 635,352 ",86,7.4%, 13 ,"90,399,874.1"," 517,861 ",197,7.3%, 10 ,"103,260,000.0"," 400,561 ",271,4.5%, 11 ,"230,543,910.5"," 851,196 ",247,4.1%, 25 ,"235,395,092.1"," 869,588 ",249,6.0%
09Q1, 6 ,"527,383,683.3"," 1,600,912 ",448,7.3%, 2 ,"31,000,000.0"," 224,000 ",138,7.0%, 7 ,"337,645,000.0"," 1,560,506 ",380,8.3%, 7 ,"832,400,000.0"," 1,536,572 ",565,6.0%, 6 ,"44,554,675.0"," 420,609 ",125,7.0%,#N/A,#N/A,#N/A,#N/A,#N/A,#N/A,#N/A,#N/A,#N/A,#N/A, 2 ,"8,000,000.0"," 40,771 ",#N/A,#N/A, 8 ,"158,125,000.0"," 1,591,372 ",90,8.7%,#N/A,#N/A,#N/A,#N/A,#N/A, 9 ,"71,237,425.0"," 1,173,549 ",53,8.0%, 11 ,"65,190,004.3"," 281,812 ",231,6.9%, 4 ,"17,600,000.0"," 111,347 ",158,#N/A,#N/A,#N/A,#N/A,#N/A,#N/A, 4 ,"58,144,000.0"," 420,052 ",138,#N/A, 6 ,"165,413,000.0"," 246,927 ",670,#N/A, 1 ,"4,000,000.0"," 12,924 ",310,#N/A, 6 ,"46,967,000.0"," 201,169 ",233,#N/A
09Q2, 4 ,"114,664,917.0"," 327,051 ",351,8.0%, 1 ,"12,200,000.0"," 132,500 ",92,#N/A, 8 ,"110,892,683.0"," 572,278 ",221,#N/A, 6 ,"92,800,000.0"," 108,595 ",855,#N/A, 9 ,"103,720,740.0"," 1,011,872 ",103,8.0%, 3 ,"22,200,000.0"," 187,743 ",118,#N/A,#N/A,#N/A,#N/A,#N/A,#N/A, 1 ,"5,000,000.0"," 31,016 ",#N/A,#N/A, 5 ,"63,000,000.0"," 470,570 ",198,7.6%, 4 ,"146,907,500.0"," 773,213 ",190,9.8%, 11 ,"114,109,998.9"," 1,969,532 ",47,10.0%, 20 ,"229,190,000.0"," 1,342,041 ",191,7.6%, 2 ,"63,200,000.0"," 717,991 ",88,#N/A, 2 ,"36,497,360.3"," 442,623 ",#N/A,#N/A, 5 ,"138,607,495.5"," 578,068 ",225,#N/A, 6 ,"45,696,538.3"," 192,259 ",230,7.5%, 5 ,"51,000,000.0"," 152,563 ",334,6.0%, 4 ,"21,730,950.0"," 182,320 ",75,#N/A
09Q3, 8 ,"569,698,331.3"," 1,365,630 ",417,8.2%, 4 ,"89,500,000.0"," 452,000 ",#N/A,#N/A, 8 ,"176,100,000.0"," 936,394 ",188,9.7%, 12 ,"840,752,650.0"," 3,697,545 ",227,#N/A, 16 ,"140,665,083.7"," 1,766,114 ",88,7.3%, 3 ,"15,147,217.0"," 119,913 ",126,#N/A, 1 ,"5,500,000.0"," 56,064 ",98,#N/A,#N/A,#N/A,#N/A,#N/A,#N/A, 3 ,"12,204,713.8"," 89,062 ",#N/A,#N/A, 2 ,"6,686,666.7"," 105,601 ",63,#N/A, 4 ,"152,500,000.6"," 716,672 ",171,#N/A, 18 ,"160,340,830.0"," 892,701 ",205,8.5%,#N/A,#N/A,#N/A,#N/A,#N/A,#N/A,#N/A,#N/A,#N/A,#N/A, 4 ,"138,608,808.8"," 302,255 ",470,7.6%, 6 ,"287,750,000.0"," 900,904 ",319,#N/A, 6 ,"91,590,021.5"," 281,335 ",326,7.7%, 4 ,"146,741,883.0"," 974,883 ",151,#N/A
09Q4, 3 ,"424,600,000.0"," 827,067 ",568,5.3%, 2 ,"15,540,000.0"," 281,828 ",55,#N/A, 8 ,"90,623,000.0"," 816,311 ",111,7.6%, 18 ,"287,604,911.0"," 976,883 ",281,6.9%, 7 ,"165,222,848.0"," 1,749,065 ",161,7.1%, 1 ,"6,845,257.5"," 64,795 ",106,#N/A, 2 ,"14,850,000.0"," 161,278 ",92,#N/A, 2 ,"17,700,000.0"," 184,023 ",101,#N/A, 21 ,"204,881,333.3"," 2,829,920 ",85,#N/A, 5 ,"49,610,000.0"," 750,389 ",66,8.3%, 9 ,"88,329,123.0"," 1,086,394 ",74,8.0%, 17 ,"262,376,799.5"," 1,328,431 ",219,9.0%, 5 ,"72,800,000.0"," 716,251 ",102,#N/A,#N/A,#N/A,#N/A,#N/A,#N/A, 9 ,"181,728,181.7"," 849,809 ",214,9.7%, 8 ,"293,628,770.0"," 856,859 ",340,9.4%, 9 ,"77,001,564.0"," 495,876 ",153,#N/A, 9 ,"233,314,242.0"," 894,616 ",261,9.7%
10Q1, 6 ,"81,525,000.0"," 326,507 ",250,#N/A, 2 ,"11,111,000.0"," 431,000 ",26,7.9%, 16 ,"516,451,106.7"," 2,385,765 ",140,7.3%, 15 ,"695,111,500.0"," 3,458,225 ",125,#N/A, 6 ,"88,211,400.0"," 776,617 ",122,6.6%,#N/A,#N/A,#N/A,#N/A,#N/A, 2 ,"30,950,000.0"," 282,573 ",134,#N/A, 3 ,"90,296,969.7"," 574,436 ",178,#N/A, 4 ,"113,404,536.7"," 964,374 ",112,7.4%, 7 ,"82,280,700.0"," 724,806 ",114,9.4%, 9 ,"613,727,739.6"," 2,448,193 ",180,10.2%, 19 ,"256,769,238.2"," 1,100,628 ",222,6.8%, 5 ,"98,121,000.0"," 559,414 ",177,9.2%, 1 ,"3,607,743.0"," 46,023 ",#N/A,#N/A, 11 ,"141,714,541.7"," 662,704 ",214,#N/A, 8 ,"83,514,743.0"," 439,443 ",168,#N/A, 17 ,"160,593,047.5"," 1,086,693 ",199,8.6%, 8 ,"47,954,000.0"," 409,136 ",117,#N/A
10Q2, 12 ,"1,088,175,586.8"," 2,597,680 ",495,6.4%, 2 ,"42,997,000.0"," 226,812 ",190,#N/A, 12 ,"511,330,193.9"," 3,129,801 ",166,7.4%, 16 ,"1,861,731,870.2"," 6,166,690 ",396,6.5%, 11 ,"90,435,955.7"," 1,097,861 ",93,#N/A,#N/A,#N/A,#N/A,#N/A,#N/A, 4 ,"20,066,854.8"," 219,890 ",82,#N/A, 3 ,"73,688,403.4"," 438,435 ",195,#N/A, 22 ,"211,585,000.0"," 3,116,511 ",56,9.4%, 17 ,"296,095,717.2"," 2,146,767 ",156,8.7%, 23 ,"338,484,456.1"," 2,721,723 ",206,9.1%, 24 ,"297,446,884.4"," 1,470,023 ",233,6.9%, 3 ,"27,277,063.7"," 185,541 ",147,#N/A, 2 ,"5,997,748.0"," 77,870 ",76,10.1%, 12 ,"231,646,333.3"," 871,565 ",262,9.8%, 7 ,"624,533,333.3"," 1,628,945 ",410,6.7%, 15 ,"236,126,333.3"," 1,020,641 ",231,7.6%, 16 ,"149,069,873.9"," 756,106 ",195,8.8%
10Q3, 5 ,"645,103,529.0"," 1,272,944 ",507,6.9%, 3 ,"26,814,500.0"," 138,615 ",173,8.8%, 11 ,"151,987,866.0"," 1,240,533 ",100,#N/A, 25 ,"2,027,728,554.0"," 5,659,825 ",463,5.2%, 11 ,"147,009,186.6"," 1,493,326 ",85,8.6%, 2 ,"7,724,400.0"," 47,399 ",163,#N/A, 5 ,"138,287,000.0"," 548,547 ",258,7.2%, 11 ,"108,100,965.3"," 846,918 ",36,7.7%, 22 ,"415,944,827.0"," 4,025,811 ",113,#N/A, 13 ,"117,863,042.0"," 1,038,305 ",114,9.4%, 13 ,"186,544,665.7"," 1,499,513 ",117,8.4%, 26 ,"490,175,566.0"," 2,092,974 ",233,7.9%, 2 ,"20,500,000.0"," 172,000 ",119,#N/A,#N/A,#N/A,#N/A,#N/A,#N/A, 15 ,"164,538,258.3"," 1,046,360 ",160,7.6%, 12 ,"673,429,039.0"," 2,730,418 ",296,7.0%, 11 ,"146,854,498.0"," 852,456 ",209,8.0%, 13 ,"1,038,767,024.0"," 2,556,119 ",408,6.6%
10Q4, 16 ,"1,380,753,667.5"," 3,283,235 ",466,6.1%, 7 ,"72,375,606.6"," 794,118 ",96,#N/A, 18 ,"1,117,070,942.0"," 3,070,594 ",364,7.7%, 39 ,"4,426,491,202.1"," 11,757,330 ",506,5.5%, 16 ,"179,351,600.0"," 1,906,086 ",95,8.0%, 3 ,"31,100,000.0"," 193,925 ",160,#N/A, 14 ,"165,744,419.1"," 840,846 ",170,#N/A, 11 ,"158,254,799.9"," 1,455,024 ",110,7.3%, 22 ,"397,597,978.3"," 2,607,448 ",224,8.3%, 16 ,"344,738,236.0"," 2,239,723 ",164,9.3%, 25 ,"857,028,096.0"," 5,728,975 ",174,9.0%, 24 ,"821,724,330.1"," 2,930,604 ",276,6.9%, 6 ,"65,656,403.7"," 537,488 ",163,7.7%, 4 ,"57,969,300.0"," 524,365 ",126,6.7%, 19 ,"478,265,833.3"," 1,781,069 ",278,6.5%, 20 ,"874,279,540.3"," 3,905,962 ",211,7.0%, 15 ,"816,609,000.0"," 3,351,624 ",242,7.8%, 13 ,"193,144,240.1"," 966,223 ",210,6.4%
11Q1, 17 ,"1,626,235,500.0"," 3,222,013 ",505,6.1%,#N/A,#N/A,#N/A,#N/A,7.4%, 11 ,"797,037,160.7"," 3,156,630 ",276,7.4%, 28 ,"1,513,000,545.2"," 3,868,779 ",485,6.1%, 11 ,"304,283,000.0"," 1,669,001 ",187,6.8%, 4 ,"85,510,000.0"," 751,633 ",114,9.0%, 3 ,"91,927,500.0"," 397,438 ",231,8.0%, 6 ,"62,875,311.9"," 922,723 ",121,#N/A, 21 ,"413,074,451.6"," 2,958,006 ",150,7.4%, 8 ,"277,212,089.3"," 1,487,671 ",218,6.8%, 12 ,"373,935,452.1"," 2,292,676 ",175,8.7%, 23 ,"653,678,188.0"," 1,918,189 ",372,7.5%, 2 ,"137,900,000.0"," 486,298 ",284,6.6%, 6 ,"50,068,661.5"," 989,000 ",51,7.9%, 9 ,"123,799,311.7"," 690,648 ",179,#N/A, 16 ,"506,533,521.2"," 4,144,404 ",145,7.3%, 14 ,"209,258,778.1"," 1,052,249 ",312,6.9%, 7 ,"96,969,740.2"," 1,515,308 ",130,8.1%
11Q2, 10 ,"825,825,000.0"," 1,994,569 ",546,4.7%, 3 ,"356,650,218.0"," 2,736,305 ",130,7.9%, 23 ,"285,077,746.0"," 1,796,562 ",160,7.1%, 36 ,"4,027,832,762.2"," 12,130,566 ",401,5.4%, 16 ,"302,009,668.3"," 3,411,333 ",87,8.0%, 3 ,"27,975,751.7"," 268,285 ",114,7.9%, 3 ,"16,465,000.0"," 109,538 ",150,7.8%, 10 ,"164,803,177.3"," 2,136,358 ",85,9.0%, 23 ,"383,234,571.3"," 4,172,953 ",97,8.9%, 18 ,"413,405,851.3"," 4,633,839 ",144,7.3%, 20 ,"780,991,666.2"," 5,385,607 ",180,7.4%, 36 ,"891,499,909.3"," 3,416,996 ",261,7.3%, 6 ,"116,579,205.3"," 977,291 ",63,#N/A,#N/A,#N/A,#N/A,#N/A,#N/A, 12 ,"197,801,002.0"," 954,211 ",207,8.0%, 22 ,"1,033,163,549.6"," 3,186,901 ",345,7.1%, 17 ,"525,844,368.0"," 2,516,214 ",209,5.9%, 19 ,"489,049,368.6"," 1,848,728 ",274,6.9%
11Q3, 6 ,"236,901,329.6"," 573,760 ",420,6.7%, 2 ,"197,000,000.0"," 1,564,435 ",126,7.2%, 23 ,"974,738,449.0"," 3,914,270 ",283,7.3%, 38 ,"5,525,369,978.5"," 13,666,213 ",472,5.7%, 15 ,"232,309,801.0"," 2,029,326 ",125,8.2%, 5 ,"65,569,641.0"," 345,195 ",227,#N/A, 5 ,"61,884,250.0"," 580,809 ",107,#N/A, 8 ,"145,284,000.0"," 652,716 ",227,7.6%, 23 ,"301,985,761.0"," 3,814,589 ",113,8.3%, 9 ,"159,729,890.0"," 1,393,711 ",115,#N/A, 28 ,"681,302,562.6"," 5,193,845 ",198,7.8%, 42 ,"444,885,493.5"," 2,794,366 ",188,6.5%, 4 ,"57,320,000.0"," 261,248 ",219,8.1%, 5 ,"23,675,000.0"," 250,363 ",134,8.2%, 15 ,"240,547,379.0"," 1,180,187 ",180,6.7%, 20 ,"679,929,428.3"," 2,142,955 ",329,6.3%, 21 ,"322,653,670.0"," 1,650,592 ",198,6.9%, 14 ,"864,047,159.9"," 2,483,967 ",358,6.2%
11Q4, 16 ,"1,124,568,672.7"," 2,628,689 ",433,5.8%, 5 ,"58,077,340.0"," 1,106,752 ",60,#N/A, 20 ,"1,019,531,056.2"," 2,920,135 ",368,6.6%, 31 ,"3,897,259,296.4"," 11,246,710 ",519,4.0%, 54 ,"919,829,914.8"," 7,674,650 ",140,7.4%, 8 ,"26,640,833.0"," 273,988 ",151,8.4%, 5 ,"38,751,640.0"," 532,287 ",73,9.6%, 10 ,"98,875,000.0"," 720,448 ",149,7.6%, 36 ,"744,781,582.2"," 9,159,511 ",104,8.1%, 25 ,"903,318,343.9"," 4,805,172 ",212,7.0%, 27 ,"1,122,967,509.3"," 9,362,687 ",312,6.3%, 56 ,"1,317,176,687.3"," 5,884,737 ",229,6.5%, 7 ,"67,141,666.7"," 549,778 ",122,8.0%, 1 ,"6,000,000.0"," 81,184 ",#N/A,#N/A, 24 ,"824,033,000.0"," 3,434,069 ",250,7.3%, 29 ,"1,095,452,250.0"," 3,800,518 ",288,6.2%, 23 ,"484,723,916.7"," 1,983,577 ",258,5.6%, 19 ,"387,348,506.4"," 1,592,460 ",258,7.7%
12Q1, 10 ,"904,917,490.0"," 1,886,817 ",513,5.3%, 8 ,"133,615,000.0"," 1,479,689 ",91,8.4%, 19 ,"1,006,241,430.2"," 2,700,821 ",375,5.7%, 35 ,"2,414,179,391.5"," 6,775,924 ",607,5.5%, 13 ,"220,242,353.8"," 2,815,714 ",88,9.1%, 5 ,"123,041,500.0"," 941,983 ",132,#N/A, 13 ,"97,975,000.0"," 1,010,505 ",93,#N/A, 12 ,"242,978,724.1"," 1,588,658 ",142,8.0%, 29 ,"725,183,175.4"," 5,633,627 ",137,7.7%, 14 ,"552,873,000.0"," 6,053,095 ",151,8.5%, 24 ,"892,406,875.0"," 4,929,234 ",191,7.3%, 47 ,"590,441,225.2"," 2,892,107 ",212,7.0%, 11 ,"158,795,063.5"," 1,041,356 ",148,9.4%, 4 ,"17,200,000.0"," 177,570 ",148,8.1%, 9 ,"220,689,490.0"," 578,089 ",382,7.9%, 24 ,"706,505,753.9"," 2,631,138 ",356,6.0%, 13 ,"247,663,293.9"," 1,303,889 ",184,#N/A, 19 ,"620,696,665.6"," 3,231,804 ",243,6.4%
12Q2, 13 ,"706,171,082.9"," 1,333,558 ",536,5.7%, 7 ,"125,821,980.5"," 817,731 ",180,6.3%, 13 ,"423,132,500.0"," 2,399,655 ",198,6.1%, 44 ,"2,634,946,108.4"," 7,190,178 ",414,5.3%, 17 ,"204,502,811.4"," 1,867,011 ",136,7.9%, 2 ,"44,647,500.0"," 217,754 ",205,#N/A, 7 ,"92,885,053.1"," 1,292,904 ",134,8.4%, 7 ,"133,835,175.0"," 707,674 ",190,7.1%, 27 ,"424,877,681.5"," 3,914,190 ",131,7.0%, 17 ,"225,476,689.5"," 1,801,327 ",127,7.1%, 19 ,"384,955,143.8"," 2,923,296 ",136,7.9%, 43 ,"741,036,888.0"," 3,539,731 ",239,7.0%, 10 ,"62,223,398.7"," 679,590 ",94,#N/A, 9 ,"151,050,000.0"," 1,047,741 ",167,8.2%, 21 ,"158,156,280.0"," 951,032 ",172,8.1%, 21 ,"1,915,758,166.7"," 4,133,678 ",474,5.4%, 18 ,"500,856,112.0"," 1,818,350 ",274,6.5%, 24 ,"1,093,921,135.2"," 3,127,028 ",358,6.3%
12Q3, 10 ,"711,564,910.0"," 1,570,262 ",455,5.9%, 2 ,"30,620,920.0"," 192,814 ",159,11.6%, 28 ,"591,856,729.2"," 3,224,590 ",183,6.7%, 40 ,"2,613,959,825.3"," 4,677,466 ",594,5.2%, 41 ,"675,371,858.8"," 5,206,215 ",146,7.6%, 8 ,"52,942,351.0"," 557,024 ",95,7.5%, 10 ,"76,902,505.0"," 667,170 ",115,6.5%, 18 ,"975,299,644.7"," 4,843,751 ",181,5.4%, 31 ,"447,909,377.4"," 4,513,408 ",109,6.8%, 14 ,"239,510,795.5"," 1,568,074 ",163,6.8%, 32 ,"1,151,407,836.8"," 6,514,467 ",202,7.5%, 66 ,"1,611,740,089.4"," 7,026,592 ",288,6.5%, 9 ,"105,119,815.4"," 612,094 ",179,6.8%, 5 ,"25,163,217.2"," 216,766 ",#N/A,#N/A, 19 ,"328,485,133.0"," 1,844,226 ",180,7.5%, 17 ,"1,020,238,000.0"," 2,917,886 ",461,6.4%, 24 ,"598,233,210.0"," 2,705,956 ",226,6.2%, 26 ,"709,148,359.3"," 2,423,617 ",296,6.1%
12Q4, 10 ,"1,067,146,736.0"," 2,528,550 ",422,4.9%, 9 ,"219,828,850.7"," 2,181,863 ",107,7.1%, 34 ,"635,939,843.0"," 3,908,256 ",179,6.8%, 72 ,"5,971,465,797.4"," 14,663,063 ",551,5.4%, 32 ,"600,658,390.7"," 5,214,166 ",101,8.7%, 13 ,"218,890,642.4"," 1,315,461 ",169,8.2%, 13 ,"133,331,750.0"," 858,269 ",158,7.1%, 22 ,"330,922,531.0"," 2,264,995 ",216,7.6%, 44 ,"633,691,418.5"," 5,721,551 ",124,7.4%, 24 ,"346,945,500.0"," 3,275,579 ",106,7.0%, 50 ,"1,631,934,393.3"," 9,902,784 ",183,7.6%, 83 ,"1,962,900,049.8"," 9,639,095 ",266,6.3%, 10 ,"61,831,967.5"," 443,501 ",139,7.8%, 7 ,"126,449,860.0"," 835,979 ",222,6.3%, 22 ,"519,024,994.9"," 2,181,023 ",238,7.6%, 39 ,"2,845,029,094.8"," 7,216,973 ",539,4.9%, 35 ,"852,460,157.5"," 3,583,464 ",236,6.8%, 34 ,"2,759,327,854.5"," 6,060,388 ",488,5.8%
13Q1, 9 ,"563,269,229.9"," 1,359,268 ",510,5.7%, 5 ,"75,840,026.6"," 528,926 ",183,7.6%, 18 ,"680,963,870.1"," 2,828,805 ",225,6.4%, 32 ,"3,709,909,746.9"," 5,220,708 ",802,5.5%, 23 ,"678,475,920.3"," 5,331,188 ",174,8.4%, 3 ,"22,967,153.0"," 111,242 ",206,6.9%, 7 ,"153,793,599.8"," 1,418,136 ",163,8.4%, 11 ,"375,555,731.0"," 2,092,020 ",191,#N/A, 38 ,"787,731,900.4"," 5,638,112 ",164,7.5%, 14 ,"311,773,358.0"," 1,850,386 ",194,8.1%, 15 ,"892,163,878.0"," 5,435,931 ",171,7.0%, 45 ,"771,652,214.7"," 4,704,331 ",161,7.0%, 9 ,"168,949,067.9"," 825,577 ",272,7.1%, 3 ,"28,860,000.0"," 287,921 ",101,#N/A, 18 ,"307,840,874.0"," 1,191,808 ",258,9.1%, 14 ,"357,406,000.0"," 915,595 ",412,4.9%, 16 ,"357,875,511.7"," 1,178,777 ",305,6.3%, 18 ,"508,298,557.3"," 1,861,357 ",273,7.6%
13Q2, 10 ,"553,551,000.0"," 955,387 ",584,5.5%, 2 ,"7,850,399.0"," 33,575 ",234,7.5%, 33 ,"1,052,002,484.0"," 5,293,852 ",198,6.5%, 49 ,"5,231,478,579.6"," 8,714,071 ",692,4.4%, 29 ,"1,151,576,418.3"," 6,766,191 ",171,7.4%, 9 ,"38,346,058.8"," 957,660 ",43,#N/A, 6 ,"72,950,000.0"," 557,772 ",131,7.1%, 16 ,"389,729,792.6"," 2,130,227 ",184,#N/A, 36 ,"855,852,881.7"," 6,705,868 ",127,7.1%, 18 ,"681,465,241.0"," 3,593,034 ",193,7.1%, 31 ,"1,248,709,964.4"," 5,694,981 ",313,7.5%, 62 ,"2,352,374,086.3"," 8,217,207 ",296,6.2%, 10 ,"139,744,039.0"," 939,208 ",149,6.5%, 6 ,"33,500,000.0"," 262,027 ",169,8.2%, 11 ,"155,081,000.0"," 680,849 ",228,6.0%, 23 ,"496,066,833.3"," 1,653,833 ",305,6.4%, 36 ,"1,017,929,549.1"," 3,492,995 ",318,6.5%, 17 ,"843,793,333.3"," 2,389,985 ",353,6.8%
13Q3, 20 ,"1,678,225,718.0"," 3,634,078 ",592,5.8%, 8 ,"144,885,000.0"," 1,219,776 ",107,7.7%, 29 ,"925,447,500.0"," 3,312,484 ",375,6.1%, 40 ,"3,450,859,739.2"," 4,848,511 ",718,4.5%, 34 ,"1,103,773,798.2"," 5,954,989 ",118,7.9%, 15 ,"315,114,500.0"," 2,622,752 ",127,8.1%, 10 ,"157,326,733.2"," 1,327,544 ",124,7.5%, 15 ,"523,465,683.3"," 2,684,053 ",227,6.7%, 38 ,"873,387,366.0"," 7,044,035 ",133,7.6%, 28 ,"636,683,950.0"," 2,481,749 ",257,7.0%, 31 ,"1,729,229,372.0"," 9,081,521 ",201,6.7%, 73 ,"3,471,686,374.3"," 13,803,739 ",328,6.4%, 10 ,"106,879,709.5"," 760,376 ",139,7.3%, 10 ,"161,446,000.0"," 1,057,789 ",160,8.0%, 23 ,"551,336,187.0"," 1,859,804 ",293,7.1%, 20 ,"317,735,614.0"," 714,884 ",426,5.6%, 26 ,"655,586,000.0"," 1,955,250 ",335,5.9%, 24 ,"802,218,504.0"," 2,249,147 ",400,6.6%
13Q4, 12 ,"495,494,293.3"," 1,021,194 ",485,5.2%, 5 ,"38,680,500.0"," 518,663 ",57,8.4%, 36 ,"2,348,352,428.5"," 6,182,230 ",388,6.0%, 65 ,"8,691,770,605.8"," 17,706,151 ",626,4.9%, 49 ,"1,012,396,982.6"," 9,033,347 ",123,7.8%, 17 ,"371,564,963.3"," 2,604,294 ",143,7.4%, 5 ,"57,578,000.0"," 630,985 ",91,7.5%, 24 ,"644,883,967.0"," 5,160,062 ",254,6.4%, 57 ,"1,180,806,872.1"," 10,234,882 ",128,7.5%, 42 ,"854,313,480.4"," 5,111,843 ",139,6.7%, 44 ,"1,703,499,775.6"," 9,357,772 ",193,7.4%, 82 ,"2,927,833,206.0"," 13,249,058 ",188,6.7%, 14 ,"120,068,211.5"," 828,846 ",157,#N/A, 10 ,"67,389,528.0"," 620,506 ",109,7.2%, 28 ,"464,186,678.1"," 1,956,683 ",241,7.4%, 22 ,"1,384,030,578.4"," 3,253,430 ",426,5.1%, 38 ,"1,685,546,828.6"," 5,217,832 ",348,5.9%, 37 ,"1,387,140,225.9"," 5,104,128 ",290,5.7%
14Q1, 13 ,"1,414,904,909.3"," 2,617,526 ",631,5.9%, 10 ,"60,572,456.0"," 1,033,934 ",59,#N/A, 27 ,"1,223,462,496.6"," 3,190,429 ",396,5.0%, 45 ,"3,220,364,072.0"," 6,601,698 ",839,4.3%, 33 ,"557,848,973.3"," 4,236,463 ",109,7.4%, 6 ,"128,510,100.0"," 711,348 ",181,#N/A, 11 ,"117,753,680.2"," 1,200,155 ",96,7.9%, 21 ,"358,149,933.2"," 6,187,456 ",213,6.3%, 39 ,"660,088,510.7"," 7,170,919 ",82,7.2%, 18 ,"216,950,000.0"," 2,053,102 ",118,7.2%, 18 ,"656,411,250.0"," 2,920,537 ",254,6.9%, 87 ,"2,008,640,619.2"," 9,401,497 ",268,6.8%, 8 ,"79,994,135.0"," 594,411 ",150,7.6%, 6 ,"234,975,447.0"," 1,020,328 ",236,8.2%, 26 ,"696,711,487.9"," 3,469,321 ",174,5.9%, 23 ,"1,825,242,712.5"," 5,107,188 ",394,5.0%, 25 ,"676,999,614.3"," 2,065,017 ",330,5.7%, 22 ,"632,956,865.0"," 1,928,474 ",304,5.5%
14Q2, 14 ,"741,583,279.7"," 2,169,123 ",458,5.8%, 3 ,"41,904,927.0"," 691,136 ",61,8.0%, 38 ,"1,944,634,400.0"," 5,502,989 ",370,6.4%, 49 ,"5,973,518,950.9"," 10,324,004 ",763,4.5%, 22 ,"346,954,635.0"," 2,969,537 ",117,8.7%, 9 ,"167,816,370.0"," 1,389,225 ",121,7.5%, 6 ,"71,255,000.0"," 343,278 ",208,7.0%, 15 ,"187,473,976.7"," 904,344 ",297,6.6%, 41 ,"755,777,767.3"," 4,978,656 ",181,7.5%, 27 ,"888,794,807.5"," 4,596,908 ",250,7.0%, 33 ,"633,485,104.9"," 3,645,947 ",191,8.1%, 65 ,"2,633,263,563.7"," 7,818,122 ",231,5.7%, 11 ,"126,200,050.0"," 607,777 ",167,7.7%, 4 ,"38,000,000.0"," 292,758 ",61,6.5%, 26 ,"270,525,928.1"," 1,335,735 ",224,7.1%, 38 ,"2,345,515,045.2"," 4,830,951 ",503,5.3%, 40 ,"1,143,138,765.3"," 3,223,198 ",401,5.8%, 20 ,"298,949,376.8"," 1,278,210 ",239,6.6%
14Q3, 12 ,"495,863,079.0"," 1,108,386 ",447,5.1%, 1 ,"3,000,000.0"," 21,278 ",141,6.0%, 60 ,"3,750,734,027.9"," 9,920,110 ",389,6.2%, 47 ,"6,046,271,987.9"," 10,725,895 ",615,4.4%, 39 ,"1,130,708,503.1"," 7,168,728 ",165,6.6%, 14 ,"135,080,200.0"," 878,478 ",154,#N/A, 25 ,"327,873,079.7"," 2,337,127 ",140,7.3%, 20 ,"675,284,314.7"," 2,970,769 ",233,7.1%, 59 ,"1,031,673,855.0"," 8,612,948 ",105,7.1%, 28 ,"474,313,696.8"," 2,868,169 ",153,7.4%, 35 ,"736,971,840.0"," 4,876,709 ",173,7.0%, 69 ,"1,557,480,421.0"," 4,689,736 ",343,6.2%, 15 ,"182,722,250.0"," 1,338,887 ",136,8.0%, 14 ,"90,616,317.3"," 798,095 ",99,7.5%, 35 ,"311,264,226.2"," 1,447,658 ",218,6.6%, 45 ,"3,366,039,652.1"," 7,688,689 ",465,5.2%, 32 ,"653,504,898.9"," 2,979,015 ",224,5.3%, 18 ,"221,513,477.5"," 962,812 ",234,6.0%
14Q4, 16 ,"1,637,040,882.0"," 2,965,248 ",608,5.7%, 6 ,"109,014,501.0"," 811,174 ",147,7.2%, 41 ,"2,292,058,217.2"," 9,016,306 ",233,6.3%, 44 ,"7,449,249,991.8"," 14,255,489 ",725,4.6%, 44 ,"871,395,830.6"," 5,921,376 ",164,6.8%, 10 ,"172,971,035.3"," 1,006,495 ",171,7.8%, 16 ,"202,401,732.3"," 1,061,606 ",210,6.7%, 32 ,"1,127,666,911.7"," 5,703,863 ",286,6.0%, 55 ,"1,085,044,625.5"," 6,326,488 ",171,7.2%, 61 ,"759,443,282.4"," 7,044,634 ",112,7.1%, 43 ,"851,290,156.7"," 5,466,023 ",200,6.8%, 80 ,"1,895,989,204.9"," 7,553,649 ",265,6.1%, 20 ,"427,214,158.6"," 2,836,404 ",179,6.7%, 12 ,"331,849,932.9"," 1,857,818 ",181,7.6%, 36 ,"727,350,010.0"," 2,546,529 ",311,6.2%, 30 ,"2,121,121,034.1"," 3,839,575 ",590,4.9%, 49 ,"1,248,661,998.8"," 3,519,697 ",364,6.2%, 41 ,"1,003,730,276.8"," 4,063,300 ",249,5.9%
15Q1, 8 ,"1,397,802,800.0"," 1,726,416 ",708,5.2%, 3 ,"62,725,000.0"," 1,365,900 ",58,7.4%, 38 ,"1,444,117,264.1"," 3,818,118 ",387,6.0%, 51 ,"6,781,212,192.3"," 7,983,807 ","1,006",4.5%, 24 ,"668,741,946.4"," 3,326,765 ",204,5.5%, 9 ,"114,725,000.0"," 562,139 ",206,6.6%, 16 ,"310,945,422.7"," 1,506,850 ",197,8.3%, 16 ,"407,391,486.7"," 1,752,902 ",291,6.8%, 50 ,"780,850,972.2"," 4,944,370 ",153,7.3%, 33 ,"706,666,429.1"," 3,378,846 ",206,7.2%, 30 ,"1,055,573,187.9"," 3,873,561 ",367,6.7%, 57 ,"1,504,098,810.0"," 3,855,386 ",379,6.0%, 16 ,"290,575,115.0"," 1,307,462 ",231,6.9%, 13 ,"113,393,200.0"," 846,818 ",137,#N/A, 27 ,"370,817,708.7"," 1,467,849 ",263,5.8%, 37 ,"3,085,569,568.0"," 6,754,938 ",486,5.4%, 43 ,"2,995,574,568.7"," 7,335,116 ",408,5.7%, 39 ,"1,890,680,377.1"," 4,740,087 ",392,5.6%
15Q2, 26 ,"1,483,972,314.4"," 3,654,442 ",523,6.8%, 7 ,"85,258,973.0"," 1,236,179 ",69,#N/A, 36 ,"2,017,769,209.7"," 6,127,957 ",221,5.5%, 48 ,"6,150,143,472.7"," 12,095,510 ",713,4.6%, 45 ,"1,851,552,366.5"," 10,017,984 ",174,5.9%, 15 ,"249,076,383.2"," 1,083,435 ",159,8.2%, 42 ,"715,790,062.3"," 3,780,050 ",187,6.7%, 19 ,"726,695,215.7"," 3,338,556 ",240,6.8%, 42 ,"843,274,587.6"," 5,120,657 ",202,6.8%, 30 ,"370,637,815.3"," 2,337,869 ",155,6.9%, 26 ,"468,794,968.0"," 2,379,730 ",208,7.0%, 75 ,"1,569,334,407.1"," 4,329,994 ",344,5.9%, 14 ,"160,494,985.3"," 967,461 ",167,6.6%, 11 ,"142,522,490.7"," 970,320 ",153,9.1%, 39 ,"892,368,032.9"," 3,066,751 ",290,5.7%, 18 ,"485,730,499.0"," 876,563 ",553,4.8%, 46 ,"1,577,488,699.4"," 4,384,674 ",358,5.4%, 41 ,"859,037,764.9"," 3,015,079 ",285,6.2%
15Q3, 12 ,"1,096,044,376.0"," 2,314,118 ",654,5.1%, 6 ,"98,873,000.0"," 685,414 ",147,7.5%, 26 ,"1,303,621,198.5"," 4,764,041 ",275,5.9%, 44 ,"6,814,524,509.8"," 8,852,894 ",842,4.3%, 49 ,"1,050,549,700.8"," 7,269,651 ",128,8.0%, 18 ,"226,294,976.9"," 2,227,559 ",120,#N/A, 13 ,"140,132,420.7"," 1,328,519 ",113,7.0%, 15 ,"348,342,927.8"," 1,293,069 ",366,6.3%, 61 ,"1,147,934,262.2"," 11,007,923 ",92,8.2%, 30 ,"679,346,115.6"," 4,526,170 ",217,7.1%, 56 ,"605,032,685.3"," 6,944,916 ",111,7.5%, 93 ,"2,094,418,184.6"," 8,121,425 ",257,5.7%, 19 ,"721,188,685.0"," 2,643,808 ",298,6.4%, 9 ,"102,389,177.1"," 791,174 ",171,#N/A, 58 ,"1,088,743,670.8"," 4,463,924 ",255,6.7%, 20 ,"1,837,975,916.7"," 2,674,388 ",691,5.0%, 32 ,"1,181,109,666.7"," 2,582,970 ",426,5.5%, 46 ,"1,666,661,628.2"," 5,027,038 ",337,5.9%
15Q4, 13 ,"865,028,875.0"," 1,786,393 ",531,5.6%, 7 ,"80,561,640.4"," 1,022,362 ",106,6.6%, 44 ,"3,567,839,498.6"," 7,695,385 ",504,5.0%, 59 ,"8,848,225,811.4"," 17,164,800 ",800,4.6%, 64 ,"1,535,085,253.3"," 9,484,967 ",178,6.6%, 17 ,"296,675,558.3"," 1,978,674 ",151,#N/A, 24 ,"327,566,767.8"," 2,419,697 ",152,6.5%, 13 ,"714,320,000.0"," 2,702,967 ",293,6.9%, 53 ,"1,554,227,617.2"," 11,335,098 ",152,7.1%, 34 ,"708,300,516.0"," 3,445,205 ",206,6.9%, 28 ,"841,098,822.1"," 3,207,203 ",330,7.6%, 88 ,"1,683,160,668.6"," 5,929,589 ",296,5.8%, 17 ,"117,062,056.1"," 555,043 ",237,6.3%, 13 ,"109,644,057.1"," 777,827 ",131,7.8%, 35 ,"458,990,145.7"," 2,160,542 ",203,5.8%, 25 ,"1,352,512,007.6"," 2,242,604 ",601,5.9%, 29 ,"1,616,902,747.7"," 3,573,418 ",482,5.2%, 43 ,"1,151,686,750.1"," 3,290,453 ",365,6.6%
16Q1, 17 ,"801,626,157.6"," 1,642,962 ",495,5.2%, 5 ,"177,732,508.0"," 1,251,706 ",142,#N/A, 59 ,"3,090,544,858.6"," 6,948,073 ",286,5.2%, 36 ,"5,159,227,978.0"," 7,378,985 ","1,080",4.3%, 35 ,"728,585,640.0"," 5,903,820 ",131,6.7%, 13 ,"98,438,834.0"," 383,766 ",257,7.1%, 12 ,"178,526,486.4"," 793,858 ",223,5.9%, 14 ,"209,857,915.6"," 931,135 ",207,6.2%, 42 ,"619,424,039.9"," 4,390,498 ",141,8.2%, 25 ,"625,003,679.4"," 3,231,281 ",183,6.9%, 21 ,"272,878,137.3"," 2,845,573 ",93,#N/A, 50 ,"2,653,575,511.6"," 5,174,594 ",518,5.6%, 15 ,"173,181,159.9"," 1,126,329 ",191,6.8%, 12 ,"157,150,474.7"," 1,110,155 ",211,6.4%, 46 ,"1,343,497,321.9"," 3,958,197 ",321,6.4%, 15 ,"1,304,450,221.1"," 3,066,564 ",404,5.3%, 21 ,"364,181,702.0"," 1,238,801 ",294,5.3%, 33 ,"1,461,290,863.0"," 3,732,786 ",368,5.7%
16Q2, 11 ,"276,776,344.4"," 613,075 ",463,4.7%, 7 ,"80,159,659.5"," 635,614 ",133,8.0%, 37 ,"1,759,681,395.0"," 5,685,995 ",395,5.5%, 48 ,"9,247,330,879.4"," 19,227,973 ",881,4.5%, 31 ,"422,384,584.1"," 2,914,971 ",148,7.9%, 9 ,"257,899,105.0"," 1,339,063 ",198,7.2%, 12 ,"188,973,701.0"," 1,530,433 ",128,8.5%, 19 ,"468,857,147.4"," 1,712,350 ",324,6.1%, 54 ,"1,019,351,127.6"," 7,303,132 ",173,7.5%, 28 ,"656,215,493.9"," 2,732,212 ",237,6.5%, 20 ,"214,773,090.4"," 1,277,526 ",213,7.7%, 88 ,"3,613,634,217.4"," 10,769,794 ",343,5.5%, 15 ,"410,744,235.0"," 1,683,210 ",246,5.6%, 9 ,"104,793,050.0"," 648,424 ",157,8.0%, 26 ,"443,296,034.2"," 1,714,761 ",288,5.6%, 17 ,"1,770,873,000.0"," 2,826,460 ",627,5.0%, 27 ,"795,960,356.2"," 1,797,464 ",446,4.9%, 38 ,"965,869,125.3"," 3,449,047 ",299,6.1%
16Q3, 11 ,"1,120,850,938.3"," 2,586,687 ",378,5.5%, 8 ,"316,100,000.0"," 2,069,454 ",153,#N/A, 35 ,"1,159,940,482.3"," 3,034,076 ",412,6.2%, 32 ,"4,632,099,134.0"," 7,340,046 ",844,4.0%, 42 ,"1,502,327,196.8"," 7,568,402 ",198,7.0%, 24 ,"356,872,908.5"," 1,832,176 ",196,7.0%, 18 ,"242,521,201.5"," 1,256,122 ",183,#N/A, 23 ,"691,655,146.0"," 2,414,291 ",355,6.8%, 49 ,"2,218,766,969.7"," 10,627,451 ",246,6.4%, 25 ,"391,935,780.7"," 2,050,277 ",184,7.1%, 15 ,"283,986,251.9"," 1,659,336 ",114,6.4%, 71 ,"1,710,120,447.4"," 5,358,906 ",330,5.5%, 19 ,"349,143,724.0"," 1,706,118 ",205,6.4%, 5 ,"181,578,917.2"," 755,145 ",248,7.1%, 31 ,"343,739,606.6"," 1,483,151 ",236,7.0%, 31 ,"2,070,583,197.5"," 3,918,571 ",698,4.4%, 30 ,"1,357,208,253.5"," 3,804,458 ",314,5.7%, 35 ,"1,059,836,540.8"," 2,703,899 ",392,6.1%
16Q4, 16 ,"1,269,427,063.7"," 2,527,555 ",571,5.2%, 5 ,"114,877,500.0"," 723,432 ",155,7.2%, 30 ,"1,865,116,572.4"," 4,606,208 ",403,5.0%, 41 ,"3,731,869,675.6"," 8,515,808 ",792,4.3%, 55 ,"1,858,814,137.2"," 11,387,519 ",177,7.0%, 10 ,"100,071,810.0"," 508,153 ",197,#N/A, 17 ,"224,201,960.2"," 1,500,778 ",220,6.3%, 23 ,"1,132,653,926.8"," 3,658,575 ",210,6.3%, 71 ,"2,498,546,907.3"," 11,964,269 ",238,7.4%, 26 ,"567,042,300.0"," 2,906,899 ",195,6.8%, 34 ,"1,160,369,848.0"," 5,066,520 ",285,9.2%, 73 ,"3,613,171,121.7"," 8,158,124 ",462,5.7%, 18 ,"387,858,979.3"," 1,506,453 ",260,5.9%, 17 ,"107,152,396.1"," 783,543 ",209,6.6%, 32 ,"717,766,027.2"," 2,847,321 ",250,6.4%, 32 ,"2,569,040,687.2"," 3,928,729 ",670,5.3%, 42 ,"1,429,523,207.0"," 2,962,446 ",489,5.7%, 49 ,"1,952,381,854.1"," 4,510,176 ",428,5.5%
17Q1, 14 ,"1,577,887,500.0"," 3,059,283 ",564,5.6%, 9 ,"184,581,215.7"," 1,402,209 ",132,7.3%, 31 ,"3,679,594,646.0"," 6,533,735 ",663,4.4%, 26 ,"2,550,607,051.7"," 4,294,444 ",734,4.3%, 42 ,"586,807,577.4"," 4,200,358 ",138,7.3%, 7 ,"140,698,250.0"," 664,050 ",212,6.7%, 17 ,"204,026,500.0"," 1,126,479 ",184,7.8%, 14 ,"545,450,963.3"," 1,742,486 ",338,6.3%, 39 ,"543,044,654.3"," 3,284,933 ",203,7.5%, 34 ,"501,139,095.5"," 2,775,203 ",199,7.1%, 38 ,"853,132,837.9"," 5,673,899 ",145,6.8%, 86 ,"2,464,370,188.1"," 7,630,776 ",293,6.2%, 15 ,"288,549,990.7"," 1,171,443 ",254,5.2%, 14 ,"294,443,678.7"," 1,690,847 ",244,7.1%, 34 ,"449,832,064.1"," 1,855,558 ",238,5.1%, 26 ,"1,890,193,400.5"," 2,923,756 ",667,5.4%, 26 ,"1,108,166,821.2"," 2,524,124 ",437,5.9%, 37 ,"614,393,195.8"," 1,636,382 ",378,5.5%
17Q2, 12 ,"851,851,000.0"," 1,249,688 ",682,3.5%, 1 ,"43,108,106.1"," 235,902 ",#N/A,#N/A, 38 ,"2,474,328,077.9"," 5,804,986 ",424,5.1%, 23 ,"5,142,269,780.3"," 8,051,495 ",770,4.3%, 32 ,"949,535,533.8"," 5,132,954 ",182,6.5%, 10 ,"129,109,220.8"," 640,224 ",146,#N/A, 14 ,"216,190,028.3"," 2,296,086 ",86,7.3%, 19 ,"589,373,178.8"," 1,963,195 ",354,7.1%, 65 ,"1,883,122,219.7"," 7,095,437 ",271,6.8%, 32 ,"525,128,340.2"," 2,529,200 ",249,6.8%, 37 ,"1,251,932,031.2"," 7,934,285 ",247,7.5%, 74 ,"2,186,814,170.5"," 7,346,166 ",327,6.1%, 16 ,"245,434,971.9"," 1,160,223 ",238,4.9%, 7 ,"60,699,361.0"," 379,481 ",165,6.5%, 17 ,"195,565,251.5"," 684,178 ",290,6.2%, 21 ,"1,334,429,000.0"," 2,405,516 ",629,5.4%, 26 ,"909,846,198.0"," 1,604,243 ",567,5.8%, 40 ,"1,237,508,981.3"," 2,691,579 ",463,5.8%
17Q3, 5 ,"690,997,400.0"," 1,199,787 ",576,5.5%, 4 ,"26,419,427.0"," 138,500 ",191,7.5%, 29 ,"906,530,396.0"," 3,883,995 ",248,5.4%, 23 ,"1,684,002,085.2"," 2,476,469 ",742,4.8%, 46 ,"1,025,629,481.6"," 5,403,633 ",191,6.3%, 11 ,"98,835,000.0"," 396,535 ",249,#N/A, 33 ,"323,125,088.1"," 1,984,872 ",162,5.2%, 13 ,"292,200,000.0"," 823,089 ",450,6.4%, 48 ,"1,276,879,031.6"," 5,644,209 ",225,6.9%, 19 ,"138,694,501.8"," 943,437 ",149,8.6%, 33 ,"1,845,379,155.9"," 13,330,013 ",237,7.8%, 70 ,"2,827,460,433.9"," 7,383,239 ",382,5.3%, 15 ,"435,724,174.3"," 1,172,774 ",372,5.9%, 15 ,"159,980,000.0"," 670,970 ",284,7.1%, 39 ,"1,202,733,321.9"," 3,657,105 ",344,6.3%, 19 ,"1,187,042,000.0"," 2,559,816 ",760,5.3%, 33 ,"1,824,951,213.2"," 3,706,561 ",458,6.3%, 51 ,"866,005,134.5"," 2,595,287 ",339,6.0%
17Q4, 20 ,"2,018,203,434.0"," 3,831,421 ",542,5.0%, 5 ,"86,250,000.0"," 1,301,706 ",66,#N/A, 37 ,"1,004,065,595.4"," 3,469,787 ",316,5.5%, 31 ,"5,088,774,969.0"," 10,074,972 ",764,4.6%, 76 ,"1,486,372,362.4"," 7,266,808 ",186,6.1%, 14 ,"323,549,691.0"," 1,671,688 ",194,7.1%, 21 ,"382,814,620.3"," 1,906,415 ",217,5.0%, 16 ,"422,522,257.1"," 1,613,921 ",253,#N/A, 54 ,"910,379,676.6"," 6,338,576 ",140,7.2%, 39 ,"1,076,254,390.0"," 4,274,653 ",250,6.6%, 32 ,"1,770,330,456.9"," 7,921,764 ",263,6.8%, 83 ,"3,220,804,524.5"," 10,073,539 ",321,5.4%, 18 ,"473,469,801.0"," 1,926,394 ",271,6.6%, 11 ,"61,474,150.0"," 427,116 ",136,6.4%, 29 ,"557,527,508.9"," 2,007,413 ",279,6.6%, 17 ,"883,103,190.2"," 1,967,711 ",509,6.4%, 27 ,"1,330,631,317.7"," 3,487,054 ",382,5.4%, 41 ,"1,361,343,174.8"," 3,321,551 ",410,5.7%
18Q1, 11 ,"1,028,454,512.0"," 1,573,306 ",712,4.5%, 13 ,"146,685,951.7"," 2,923,322 ",154,#N/A, 39 ,"847,096,917.0"," 4,591,985 ",184,6.0%, 28 ,"5,631,200,287.7"," 6,737,115 ","1,092",4.2%, 52 ,"987,108,373.4"," 4,744,651 ",207,6.5%, 12 ,"289,330,000.0"," 1,438,131 ",203,7.7%, 21 ,"573,050,362.4"," 2,557,594 ",223,6.6%, 8 ,"319,827,491.5"," 1,112,305 ",373,#N/A, 35 ,"322,941,810.0"," 2,301,387 ",167,7.4%, 28 ,"860,244,575.1"," 4,067,467 ",295,6.4%, 36 ,"784,383,039.0"," 4,978,002 ",132,7.9%, 62 ,"1,425,061,390.5"," 3,783,329 ",377,5.0%, 18 ,"271,359,629.4"," 1,227,124 ",232,6.6%, 5 ,"31,193,579.0"," 161,521 ",228,7.4%, 22 ,"452,705,585.0"," 1,381,744 ",335,7.1%, 18 ,"550,302,500.0"," 750,860 ",733,5.7%, 17 ,"649,001,565.5"," 1,047,944 ",711,5.4%, 38 ,"842,786,284.2"," 3,560,118 ",235,6.4%
